RequvestTime,ResponseTime,ReqiD,Shablon,RequvestErrorKod
"2022-06-13T10:55:09.9716797","482","req2#000697048410","10",""
"2022-06-13T10:55:12.6277824","2158","req2#000697048419","11",""
"2022-06-13T11:02:27.0357399","491","req2#000697050843","10",""
"2022-06-13T11:02:29.9992696","2476","req2#000697050852","11",""
"2022-06-13T11:03:52.5245982","540","req2#000697051332","10",""
"2022-06-13T11:03:58.7304304","2597","req2#000697051359","11",""
"2022-06-13T11:19:43.8511705","912","req2#000697056234","10",""
"2022-06-13T11:19:53.5767269","2937","req2#000697056278","11",""
"2022-06-13T11:24:45.4059214","746","req2#000697058209","10",""
"2022-06-13T11:24:51.4359826","2720","req2#000697058243","11",""
"2022-06-13T12:31:55.5646374","635","req2#000697081990","10",""
"2022-06-13T12:31:58.1456923","2252","req2#000697081994","11",""
"2022-06-14T15:28:58.7964952","590","req2#000697346121","10",""
"2022-06-14T15:29:02.2477141","3033","req2#000697346126","11",""
